{"metadata":{"asset_id":"f51c7eee-170b-4db6-889a-380f130fb12e","asset_attributes":["notebook"],"name":"Coursera Capstone1","asset_type":"notebook","created_at":"2022-11-03T14:19:29Z","description":"Coursera Capstone 1 - Thomas Van Puyvelde","origin_country":"us","owner_id":"IBMid-6620035UQU","project_id":"89ab881a-70b5-441e-b50f-1c056c3ef0f4","size":506352,"tags":["notebook"],"usage":{"last_update_time":1667570630024,"last_updated_at":"2022-11-04T14:03:50Z"}},"entity":{"notebook":{"kernel":{"name":"python3","display_name":"Python 3.9","language":"python"},"originates_from":{"type":"blank"},"runtime":{"environment":"conda1rt221-89ab881a-70b5-441e-b50f-1c056c3ef0f4"}},"location_definition":{"physical_location_code":"DAL","physical_location_code_assigned_by":"IBMid-6620035UQU","physical_location_code_rds_id":"c57cb90f-2126-3800-9c9f-9eab82021cdf","physical_location_code_rds_version":"00002022-0825-4140-8027-741519000000_2","physical_location_code_assignment_method":"INFERRED","physical_location_code_added_on":"1667401377310"}},"attachments":[{"id":"59f90227-3072-47b5-bea9-e96324316151","version":2,"asset_type":"notebook","name":"attachment for notebook f51c7eee-170b-4db6-889a-380f130fb12e","description":"attachment for notebook f51c7eee-170b-4db6-889a-380f130fb12e","mime":"application/json","datasource_type":"193a97c1-4475-4a19-b90c-295c4fdc6517","object_key":"notebook/Coursera_Capstone1_Rm-sV-gVL.ipynb","creator_id":"IBMid-6620035UQU","create_time":1667485170054,"size":506352,"is_remote":false,"is_managed":false,"is_referenced":true,"is_object_key_read_only":false,"is_user_provided_path_key":true,"transfer_complete":true,"is_partitioned":false,"complete_time_ticks":1667485170054,"user_data":{},"test_doc":0,"handle":{"bucket":"datasciencecapstoneproject1-donotdelete-pr-3izozy8z59uuq1","location":"us-geo","type":"bluemix_cos","key":"notebook/Coursera_Capstone1_Rm-sV-gVL.ipynb","upload_id":"done","max_part_num":1},"usage":{"access_count":18,"last_accessor_id":"IBMid-6620035UQU","last_access_time":1667570630022,"last_updater_id":"IBMid-6620035UQU","last_update_time":1667570630022}}]}
