{"metadata":{"asset_id":"e027daee-2673-4743-bdde-44405824325a","asset_attributes":["notebook"],"name":"Coursera Capstone2 - Webscrapping","asset_type":"notebook","created_at":"2022-11-04T14:22:31Z","description":"","origin_country":"us","owner_id":"IBMid-6620035UQU","project_id":"89ab881a-70b5-441e-b50f-1c056c3ef0f4","size":42931,"tags":["notebook"],"usage":{"last_update_time":1667836693568,"last_updated_at":"2022-11-07T15:58:13Z"}},"entity":{"notebook":{"kernel":{"name":"python3","display_name":"Python 3.9","language":"python"},"originates_from":{"type":"blank"},"runtime":{"environment":"conda1rt221-89ab881a-70b5-441e-b50f-1c056c3ef0f4"}},"location_definition":{"physical_location_code":"DAL","physical_location_code_assigned_by":"IBMid-6620035UQU","physical_location_code_rds_id":"c57cb90f-2126-3800-9c9f-9eab82021cdf","physical_location_code_rds_version":"00002022-0825-4140-8027-741519000000_2","physical_location_code_assignment_method":"INFERRED","physical_location_code_added_on":"1667401377310"}},"attachments":[{"id":"9c865623-15db-4e1b-b7e7-91b0c3807345","version":2,"asset_type":"notebook","name":"attachment for notebook e027daee-2673-4743-bdde-44405824325a","description":"attachment for notebook e027daee-2673-4743-bdde-44405824325a","mime":"application/json","datasource_type":"193a97c1-4475-4a19-b90c-295c4fdc6517","object_key":"notebook/Coursera_Capstone2_-_Webscrapping_I3qjpsQVS.ipynb","creator_id":"IBMid-6620035UQU","create_time":1667571753142,"size":42931,"is_remote":false,"is_managed":false,"is_referenced":true,"is_object_key_read_only":false,"is_user_provided_path_key":true,"transfer_complete":true,"is_partitioned":false,"complete_time_ticks":1667571753142,"user_data":{},"test_doc":0,"handle":{"bucket":"datasciencecapstoneproject1-donotdelete-pr-3izozy8z59uuq1","location":"us-geo","type":"bluemix_cos","key":"notebook/Coursera_Capstone2_-_Webscrapping_I3qjpsQVS.ipynb","upload_id":"done","max_part_num":1},"usage":{"access_count":40,"last_accessor_id":"IBMid-6620035UQU","last_access_time":1667836693564,"last_updater_id":"IBMid-6620035UQU","last_update_time":1667836693564}}]}
